,Date,State/UnionTerritory,Deaths,Confirmed,StatePopulation,DaysCovariate,DateI
365,2020-03-26,Andaman and Nicobar Islands,0.0,2.6275615440602658,380581,0.334,0
392,2020-03-27,Andaman and Nicobar Islands,0.0,2.6275615440602658,380581,0.668,1
420,2020-03-28,Andaman and Nicobar Islands,0.0,15.765369264361594,380581,1.002,2
447,2020-03-29,Andaman and Nicobar Islands,0.0,23.648053896542393,380581,1.336,3
474,2020-03-30,Andaman and Nicobar Islands,0.0,23.648053896542393,380581,1.6700000000000002,4
502,2020-03-31,Andaman and Nicobar Islands,0.0,26.275615440602657,380581,2.004,5
530,2020-04-01,Andaman and Nicobar Islands,0.0,26.275615440602657,380581,2.338,6
559,2020-04-02,Andaman and Nicobar Islands,0.0,26.275615440602657,380581,2.672,7
121,2020-03-12,Andhra Pradesh,0.0,0.02017060173927468,49577103,0.0,0
134,2020-03-13,Andhra Pradesh,0.0,0.02017060173927468,49577103,0.0,1
147,2020-03-14,Andhra Pradesh,0.0,0.02017060173927468,49577103,0.0,2
148,2020-03-15,Andhra Pradesh,0.0,0.02017060173927468,49577103,0.0,3
162,2020-03-16,Andhra Pradesh,0.0,0.02017060173927468,49577103,0.0,4
177,2020-03-17,Andhra Pradesh,0.0,0.02017060173927468,49577103,0.0,5
192,2020-03-18,Andhra Pradesh,0.0,0.02017060173927468,49577103,0.0,6
209,2020-03-19,Andhra Pradesh,0.0,0.04034120347854936,49577103,0.0,7
228,2020-03-20,Andhra Pradesh,0.0,0.06051180521782404,49577103,0.0,8
248,2020-03-21,Andhra Pradesh,0.0,0.06051180521782404,49577103,0.0,9
270,2020-03-22,Andhra Pradesh,0.0,0.10085300869637341,49577103,0.0,10
293,2020-03-23,Andhra Pradesh,0.0,0.14119421217492278,49577103,0.0,11
316,2020-03-24,Andhra Pradesh,0.0,0.16136481391419744,49577103,0.0,12
340,2020-03-25,Andhra Pradesh,0.0,0.18153541565347212,49577103,0.0,13
366,2020-03-26,Andhra Pradesh,0.0,0.22187661913202147,49577103,0.0,14
393,2020-03-27,Andhra Pradesh,0.0,0.24204722087129615,49577103,0.0,15
419,2020-03-28,Andhra Pradesh,0.0,0.28238842434984557,49577103,0.0,16
446,2020-03-29,Andhra Pradesh,0.0,0.38324143304621894,49577103,0.0,17
473,2020-03-30,Andhra Pradesh,0.0,0.46392384000331766,49577103,0.0,18
501,2020-03-31,Andhra Pradesh,0.0,0.8068240695709873,49577103,0.334,19
529,2020-04-01,Andhra Pradesh,0.0,1.6741599443597985,49577103,0.668,20
558,2020-04-02,Andhra Pradesh,0.02017060173927468,1.7346717495776225,49577103,1.002,21
531,2020-04-01,Assam,0.0,0.03204555493543846,31205576,0.0,0
560,2020-04-02,Assam,0.0,0.1602277746771923,31205576,0.0,1
271,2020-03-22,Bihar,0.009606198503331219,0.019212397006662437,104099452,0.0,0
294,2020-03-23,Bihar,0.009606198503331219,0.019212397006662437,104099452,0.0,1
317,2020-03-24,Bihar,0.009606198503331219,0.028818595509993654,104099452,0.0,2
341,2020-03-25,Bihar,0.009606198503331219,0.038424794013324874,104099452,0.0,3
367,2020-03-26,Bihar,0.009606198503331219,0.05763719101998731,104099452,0.0,4
394,2020-03-27,Bihar,0.009606198503331219,0.05763719101998731,104099452,0.0,5
421,2020-03-28,Bihar,0.009606198503331219,0.08645578652998097,104099452,0.0,6
448,2020-03-29,Bihar,0.009606198503331219,0.10566818353664341,104099452,0.0,7
475,2020-03-30,Bihar,0.009606198503331219,0.14409297754996828,104099452,0.0,8
503,2020-03-31,Bihar,0.009606198503331219,0.14409297754996828,104099452,0.0,9
532,2020-04-01,Bihar,0.009606198503331219,0.22094256557661804,104099452,0.0,10
561,2020-04-02,Bihar,0.009606198503331219,0.23054876407994923,104099452,0.0,11
222,2020-03-19,Chandigarh,0.0,0.9474631673693685,1055450,1.0,0
242,2020-03-20,Chandigarh,0.0,0.9474631673693685,1055450,2.0,1
264,2020-03-21,Chandigarh,0.0,0.9474631673693685,1055450,3.0,2
287,2020-03-22,Chandigarh,0.0,4.737315836846843,1055450,4.0,3
310,2020-03-23,Chandigarh,0.0,5.684779004216211,1055450,5.0,4
334,2020-03-24,Chandigarh,0.0,6.632242171585579,1055450,6.0,5
359,2020-03-25,Chandigarh,0.0,6.632242171585579,1055450,2.338,6
368,2020-03-26,Chandigarh,0.0,6.632242171585579,1055450,2.672,7
395,2020-03-27,Chandigarh,0.0,6.632242171585579,1055450,3.0060000000000002,8
422,2020-03-28,Chandigarh,0.0,7.579705338954948,1055450,3.3400000000000003,9
449,2020-03-29,Chandigarh,0.0,7.579705338954948,1055450,3.6740000000000004,10
476,2020-03-30,Chandigarh,0.0,7.579705338954948,1055450,4.008,11
504,2020-03-31,Chandigarh,0.0,12.317021175801791,1055450,4.3420000000000005,12
533,2020-04-01,Chandigarh,0.0,15.159410677909896,1055450,4.676,13
562,2020-04-02,Chandigarh,0.0,15.159410677909896,1055450,5.010000000000001,14
210,2020-03-19,Chhattisgarh,0.0,0.039146300608043826,25545198,0.0,0
229,2020-03-20,Chhattisgarh,0.0,0.039146300608043826,25545198,0.0,1
249,2020-03-21,Chhattisgarh,0.0,0.039146300608043826,25545198,0.0,2
272,2020-03-22,Chhattisgarh,0.0,0.039146300608043826,25545198,0.0,3
295,2020-03-23,Chhattisgarh,0.0,0.039146300608043826,25545198,0.0,4
318,2020-03-24,Chhattisgarh,0.0,0.039146300608043826,25545198,0.0,5
342,2020-03-25,Chhattisgarh,0.0,0.039146300608043826,25545198,0.0,6
369,2020-03-26,Chhattisgarh,0.0,0.23487780364826297,25545198,0.0,7
396,2020-03-27,Chhattisgarh,0.0,0.23487780364826297,25545198,0.0,8
423,2020-03-28,Chhattisgarh,0.0,0.23487780364826297,25545198,0.0,9
450,2020-03-29,Chhattisgarh,0.0,0.2740241042563068,25545198,0.0,10
477,2020-03-30,Chhattisgarh,0.0,0.2740241042563068,25545198,0.0,11
505,2020-03-31,Chhattisgarh,0.0,0.3131704048643506,25545198,0.0,12
534,2020-04-01,Chhattisgarh,0.0,0.3523167054723944,25545198,0.0,13
563,2020-04-02,Chhattisgarh,0.0,0.3523167054723944,25545198,0.0,14
34,2020-03-02,Delhi,0.0,0.059566566263248126,16787941,0.0,0
38,2020-03-03,Delhi,0.0,0.059566566263248126,16787941,0.0,1
42,2020-03-04,Delhi,0.0,0.059566566263248126,16787941,0.0,2
45,2020-03-05,Delhi,0.0,0.11913313252649625,16787941,0.0,3
51,2020-03-06,Delhi,0.0,0.17869969878974437,16787941,0.0,4
62,2020-03-07,Delhi,0.0,0.17869969878974437,16787941,0.0,5
71,2020-03-08,Delhi,0.0,0.17869969878974437,16787941,0.0,6
84,2020-03-09,Delhi,0.0,0.2382662650529925,16787941,0.0,7
87,2020-03-10,Delhi,0.0,0.2382662650529925,16787941,0.0,8
98,2020-03-11,Delhi,0.0,0.2978328313162406,16787941,0.0,9
109,2020-03-12,Delhi,0.0,0.35739939757948874,16787941,0.0,10
122,2020-03-13,Delhi,0.0,0.35739939757948874,16787941,0.0,11
135,2020-03-14,Delhi,0.059566566263248126,0.4169659638427369,16787941,0.0,12
149,2020-03-15,Delhi,0.059566566263248126,0.4169659638427369,16787941,0.0,13
163,2020-03-16,Delhi,0.059566566263248126,0.4169659638427369,16787941,0.0,14
178,2020-03-17,Delhi,0.059566566263248126,0.476532530105985,16787941,0.0,15
193,2020-03-18,Delhi,0.059566566263248126,0.5956656626324812,16787941,1.0,16
211,2020-03-19,Delhi,0.059566566263248126,0.7147987951589775,16787941,2.0,17
230,2020-03-20,Delhi,0.059566566263248126,1.0126316264752182,16787941,3.0,18
250,2020-03-21,Delhi,0.059566566263248126,1.5487307228444513,16787941,4.0,19
273,2020-03-22,Delhi,0.059566566263248126,1.7274304216341958,16787941,5.0,20
296,2020-03-23,Delhi,0.059566566263248126,1.7274304216341958,16787941,6.0,21
319,2020-03-24,Delhi,0.059566566263248126,1.7869969878974437,16787941,7.0,22
343,2020-03-25,Delhi,0.059566566263248126,1.846563554160692,16787941,2.672,23
370,2020-03-26,Delhi,0.059566566263248126,2.1443963854769326,16787941,3.0060000000000002,24
397,2020-03-27,Delhi,0.059566566263248126,2.1443963854769326,16787941,3.3400000000000003,25
424,2020-03-28,Delhi,0.059566566263248126,2.323096084266677,16787941,3.6740000000000004,26
451,2020-03-29,Delhi,0.11913313252649625,2.9187617468991585,16787941,4.008,27
478,2020-03-30,Delhi,0.11913313252649625,5.182291264902587,16787941,4.3420000000000005,28
506,2020-03-31,Delhi,0.11913313252649625,5.777956927535068,16787941,4.676,29
535,2020-04-01,Delhi,0.11913313252649625,9.054118072013715,16787941,5.010000000000001,30
564,2020-04-02,Delhi,0.2382662650529925,13.04507801165134,16787941,5.344,31
371,2020-03-26,Goa,0.0,2.0568443208814267,1458545,0.334,0
398,2020-03-27,Goa,0.0,2.0568443208814267,1458545,0.668,1
425,2020-03-28,Goa,0.0,2.0568443208814267,1458545,1.002,2
452,2020-03-29,Goa,0.0,3.428073868135711,1458545,1.336,3
479,2020-03-30,Goa,0.0,3.428073868135711,1458545,1.6700000000000002,4
507,2020-03-31,Goa,0.0,3.428073868135711,1458545,2.004,5
536,2020-04-01,Goa,0.0,3.428073868135711,1458545,2.338,6
565,2020-04-02,Goa,0.0,3.428073868135711,1458545,2.672,7
231,2020-03-20,Gujarat,0.0,0.08272709265295396,60439692,0.0,0
251,2020-03-21,Gujarat,0.0,0.11581792971413553,60439692,0.0,1
274,2020-03-22,Gujarat,0.01654541853059079,0.29781753355063423,60439692,0.0,2
297,2020-03-23,Gujarat,0.01654541853059079,0.479817137387133,60439692,0.0,3
320,2020-03-24,Gujarat,0.01654541853059079,0.5459988115094961,60439692,1.0,4
344,2020-03-25,Gujarat,0.01654541853059079,0.6287259041624501,60439692,0.668,5
372,2020-03-26,Gujarat,0.04963625559177238,0.7114529968154041,60439692,1.002,6
399,2020-03-27,Gujarat,0.04963625559177238,0.7114529968154041,60439692,1.336,7
426,2020-03-28,Gujarat,0.04963625559177238,0.7445438338765856,60439692,1.6700000000000002,8
453,2020-03-29,Gujarat,0.08272709265295396,0.959634274774266,60439692,2.004,9
480,2020-03-30,Gujarat,0.09927251118354476,1.1416338786107647,60439692,2.338,10
508,2020-03-31,Gujarat,0.09927251118354476,1.2078155527331278,60439692,2.672,11
537,2020-04-01,Gujarat,0.09927251118354476,1.3567243195084449,60439692,3.0060000000000002,12
566,2020-04-02,Gujarat,0.11581792971413553,1.4394514121613988,60439692,3.3400000000000003,13
41,2020-03-04,Haryana,0.0,0.07889091366801647,25351462,0.0,0
46,2020-03-05,Haryana,0.0,0.07889091366801647,25351462,0.0,1
52,2020-03-06,Haryana,0.0,0.07889091366801647,25351462,0.0,2
63,2020-03-07,Haryana,0.0,0.07889091366801647,25351462,0.0,3
70,2020-03-08,Haryana,0.0,0.07889091366801647,25351462,0.0,4
83,2020-03-09,Haryana,0.0,0.07889091366801647,25351462,0.0,5
88,2020-03-10,Haryana,0.0,0.07889091366801647,25351462,0.0,6
99,2020-03-11,Haryana,0.0,0.5522363956761153,25351462,1.0,7
110,2020-03-12,Haryana,0.0,0.5522363956761153,25351462,2.0,8
123,2020-03-13,Haryana,0.0,0.5522363956761153,25351462,3.0,9
136,2020-03-14,Haryana,0.0,0.5522363956761153,25351462,4.0,10
150,2020-03-15,Haryana,0.0,0.5522363956761153,25351462,5.0,11
164,2020-03-16,Haryana,0.0,0.5522363956761153,25351462,6.0,12
179,2020-03-17,Haryana,0.0,0.5916818525101235,25351462,7.0,13
194,2020-03-18,Haryana,0.0,0.6705727661781399,25351462,8.0,14
212,2020-03-19,Haryana,0.0,0.6705727661781399,25351462,9.0,15
232,2020-03-20,Haryana,0.0,0.6705727661781399,25351462,10.0,16
252,2020-03-21,Haryana,0.0,0.6705727661781399,25351462,11.0,17
275,2020-03-22,Haryana,0.0,0.8283545935141728,25351462,12.0,18
298,2020-03-23,Haryana,0.0,1.0255818776842138,25351462,13.0,19
321,2020-03-24,Haryana,0.0,1.1044727913522305,25351462,14.0,20
345,2020-03-25,Haryana,0.0,1.1044727913522305,25351462,5.010000000000001,21
373,2020-03-26,Haryana,0.0,1.183363705020247,25351462,5.344,22
400,2020-03-27,Haryana,0.0,1.183363705020247,25351462,5.678,23
427,2020-03-28,Haryana,0.0,1.3017000755222718,25351462,6.0120000000000005,24
454,2020-03-29,Haryana,0.0,1.3017000755222718,25351462,6.346,25
481,2020-03-30,Haryana,0.0,1.4200364460242962,25351462,6.680000000000001,26
509,2020-03-31,Haryana,0.0,1.5778182733603294,25351462,7.014,27
538,2020-04-01,Haryana,0.0,1.696154643862354,25351462,7.348000000000001,28
567,2020-04-02,Haryana,0.0,1.696154643862354,25351462,7.682,29
253,2020-03-21,Himachal Pradesh,0.0,0.2913497388486616,6864602,0.0,0
276,2020-03-22,Himachal Pradesh,0.0,0.2913497388486616,6864602,0.0,1
299,2020-03-23,Himachal Pradesh,0.0,0.2913497388486616,6864602,0.0,2
322,2020-03-24,Himachal Pradesh,0.1456748694243308,0.4370246082729924,6864602,0.0,3
346,2020-03-25,Himachal Pradesh,0.1456748694243308,0.4370246082729924,6864602,0.0,4
374,2020-03-26,Himachal Pradesh,0.1456748694243308,0.4370246082729924,6864602,0.0,5
401,2020-03-27,Himachal Pradesh,0.1456748694243308,0.4370246082729924,6864602,0.0,6
428,2020-03-28,Himachal Pradesh,0.1456748694243308,0.4370246082729924,6864602,0.0,7
455,2020-03-29,Himachal Pradesh,0.1456748694243308,0.4370246082729924,6864602,0.0,8
482,2020-03-30,Himachal Pradesh,0.1456748694243308,0.4370246082729924,6864602,0.0,9
510,2020-03-31,Himachal Pradesh,0.1456748694243308,0.4370246082729924,6864602,0.0,10
539,2020-04-01,Himachal Pradesh,0.1456748694243308,0.4370246082729924,6864602,0.0,11
568,2020-04-02,Himachal Pradesh,0.1456748694243308,0.4370246082729924,6864602,0.0,12
81,2020-03-09,Jammu and Kashmir,0.0,0.08151931127268601,12267032,0.0,0
96,2020-03-10,Jammu and Kashmir,0.0,0.08151931127268601,12267032,0.0,1
106,2020-03-11,Jammu and Kashmir,0.0,0.08151931127268601,12267032,0.0,2
117,2020-03-12,Jammu and Kashmir,0.0,0.08151931127268601,12267032,0.0,3
130,2020-03-13,Jammu and Kashmir,0.0,0.08151931127268601,12267032,0.0,4
143,2020-03-14,Jammu and Kashmir,0.0,0.16303862254537202,12267032,0.0,5
158,2020-03-15,Jammu and Kashmir,0.0,0.16303862254537202,12267032,0.0,6
173,2020-03-16,Jammu and Kashmir,0.0,0.24455793381805804,12267032,0.0,7
188,2020-03-17,Jammu and Kashmir,0.0,0.24455793381805804,12267032,0.0,8
204,2020-03-18,Jammu and Kashmir,0.0,0.24455793381805804,12267032,0.0,9
223,2020-03-19,Jammu and Kashmir,0.0,0.32607724509074404,12267032,0.0,10
243,2020-03-20,Jammu and Kashmir,0.0,0.32607724509074404,12267032,0.0,11
265,2020-03-21,Jammu and Kashmir,0.0,0.32607724509074404,12267032,0.0,12
288,2020-03-22,Jammu and Kashmir,0.0,0.32607724509074404,12267032,0.0,13
311,2020-03-23,Jammu and Kashmir,0.0,0.32607724509074404,12267032,0.0,14
335,2020-03-24,Jammu and Kashmir,0.0,0.32607724509074404,12267032,0.0,15
360,2020-03-25,Jammu and Kashmir,0.0,0.5706351789088021,12267032,0.334,16
375,2020-03-26,Jammu and Kashmir,0.0,1.0597510465449183,12267032,0.668,17
402,2020-03-27,Jammu and Kashmir,0.08151931127268601,1.0597510465449183,12267032,1.002,18
429,2020-03-28,Jammu and Kashmir,0.08151931127268601,1.6303862254537203,12267032,1.336,19
456,2020-03-29,Jammu and Kashmir,0.16303862254537202,2.5270986494532663,12267032,1.6700000000000002,20
483,2020-03-30,Jammu and Kashmir,0.16303862254537202,3.9129269410889287,12267032,2.004,21
511,2020-03-31,Jammu and Kashmir,0.16303862254537202,4.402042808725045,12267032,2.338,22
540,2020-04-01,Jammu and Kashmir,0.16303862254537202,5.054197298906533,12267032,2.672,23
569,2020-04-02,Jammu and Kashmir,0.16303862254537202,5.054197298906533,12267032,3.0060000000000002,24
541,2020-04-01,Jharkhand,0.0,0.03031393045753967,32988134,0.0,0
570,2020-04-02,Jharkhand,0.0,0.03031393045753967,32988134,0.0,1
74,2020-03-09,Karnataka,0.0,0.016367871982028336,61095297,0.0,0
89,2020-03-10,Karnataka,0.0,0.06547148792811334,61095297,0.0,1
108,2020-03-11,Karnataka,0.0,0.06547148792811334,61095297,0.0,2
119,2020-03-12,Karnataka,0.0,0.06547148792811334,61095297,0.0,3
132,2020-03-13,Karnataka,0.016367871982028336,0.09820723189217002,61095297,0.0,4
145,2020-03-14,Karnataka,0.016367871982028336,0.09820723189217002,61095297,0.0,5
151,2020-03-15,Karnataka,0.016367871982028336,0.09820723189217002,61095297,0.0,6
165,2020-03-16,Karnataka,0.016367871982028336,0.09820723189217002,61095297,0.0,7
180,2020-03-17,Karnataka,0.016367871982028336,0.18004659180231172,61095297,0.0,8
195,2020-03-18,Karnataka,0.016367871982028336,0.18004659180231172,61095297,0.0,9
213,2020-03-19,Karnataka,0.016367871982028336,0.22915020774839676,61095297,0.0,10
233,2020-03-20,Karnataka,0.016367871982028336,0.24551807973042505,61095297,0.0,11
254,2020-03-21,Karnataka,0.016367871982028336,0.24551807973042505,61095297,0.0,12
277,2020-03-22,Karnataka,0.016367871982028336,0.42556467153273675,61095297,0.0,13
300,2020-03-23,Karnataka,0.016367871982028336,0.5401397754069351,61095297,1.0,14
323,2020-03-24,Karnataka,0.016367871982028336,0.6056112633350484,61095297,2.0,15
347,2020-03-25,Karnataka,0.016367871982028336,0.6710827512631619,61095297,1.002,16
376,2020-03-26,Karnataka,0.03273574396405667,0.9002329590115586,61095297,1.336,17
403,2020-03-27,Karnataka,0.03273574396405667,0.9002329590115586,61095297,1.6700000000000002,18
430,2020-03-28,Karnataka,0.03273574396405667,0.9002329590115586,61095297,2.004,19
457,2020-03-29,Karnataka,0.04910361594608501,1.2439582706341539,61095297,2.338,20
484,2020-03-30,Karnataka,0.04910361594608501,1.358533374508352,61095297,2.672,21
512,2020-03-31,Karnataka,0.04910361594608501,1.358533374508352,61095297,3.0060000000000002,22
542,2020-04-01,Karnataka,0.04910361594608501,1.653155070184862,61095297,3.3400000000000003,23
571,2020-04-02,Karnataka,0.04910361594608501,1.8004659180231173,61095297,3.6740000000000004,24
0,2020-01-30,Kerala,0.0,0.029934687600552488,33406061,0.0,0
1,2020-01-31,Kerala,0.0,0.029934687600552488,33406061,0.0,1
2,2020-02-01,Kerala,0.0,0.059869375201104975,33406061,0.0,2
3,2020-02-02,Kerala,0.0,0.08980406280165747,33406061,0.0,3
4,2020-02-03,Kerala,0.0,0.08980406280165747,33406061,0.0,4
5,2020-02-04,Kerala,0.0,0.08980406280165747,33406061,0.0,5
6,2020-02-05,Kerala,0.0,0.08980406280165747,33406061,0.0,6
7,2020-02-06,Kerala,0.0,0.08980406280165747,33406061,0.0,7
8,2020-02-07,Kerala,0.0,0.08980406280165747,33406061,0.0,8
9,2020-02-08,Kerala,0.0,0.08980406280165747,33406061,0.0,9
10,2020-02-09,Kerala,0.0,0.08980406280165747,33406061,0.0,10
11,2020-02-10,Kerala,0.0,0.08980406280165747,33406061,0.0,11
12,2020-02-11,Kerala,0.0,0.08980406280165747,33406061,0.0,12
13,2020-02-12,Kerala,0.0,0.08980406280165747,33406061,0.0,13
14,2020-02-13,Kerala,0.0,0.08980406280165747,33406061,0.0,14
15,2020-02-14,Kerala,0.0,0.08980406280165747,33406061,0.0,15
16,2020-02-15,Kerala,0.0,0.08980406280165747,33406061,0.0,16
17,2020-02-16,Kerala,0.0,0.08980406280165747,33406061,0.0,17
18,2020-02-17,Kerala,0.0,0.08980406280165747,33406061,0.0,18
19,2020-02-18,Kerala,0.0,0.08980406280165747,33406061,0.0,19
20,2020-02-19,Kerala,0.0,0.08980406280165747,33406061,0.0,20
21,2020-02-20,Kerala,0.0,0.08980406280165747,33406061,0.0,21
22,2020-02-21,Kerala,0.0,0.08980406280165747,33406061,0.0,22
23,2020-02-22,Kerala,0.0,0.08980406280165747,33406061,0.0,23
24,2020-02-23,Kerala,0.0,0.08980406280165747,33406061,0.0,24
25,2020-02-24,Kerala,0.0,0.08980406280165747,33406061,0.0,25
26,2020-02-25,Kerala,0.0,0.08980406280165747,33406061,0.0,26
27,2020-02-26,Kerala,0.0,0.08980406280165747,33406061,0.0,27
28,2020-02-27,Kerala,0.0,0.08980406280165747,33406061,0.0,28
29,2020-02-28,Kerala,0.0,0.08980406280165747,33406061,0.0,29
30,2020-02-29,Kerala,0.0,0.08980406280165747,33406061,0.0,30
31,2020-03-01,Kerala,0.0,0.08980406280165747,33406061,0.0,31
33,2020-03-02,Kerala,0.0,0.08980406280165747,33406061,0.0,32
37,2020-03-03,Kerala,0.0,0.08980406280165747,33406061,0.0,33
40,2020-03-04,Kerala,0.0,0.08980406280165747,33406061,0.0,34
47,2020-03-05,Kerala,0.0,0.08980406280165747,33406061,0.0,35
53,2020-03-06,Kerala,0.0,0.08980406280165747,33406061,0.0,36
57,2020-03-07,Kerala,0.0,0.08980406280165747,33406061,0.0,37
69,2020-03-08,Kerala,0.0,0.2394775008044199,33406061,0.0,38
75,2020-03-09,Kerala,0.0,0.2694121884049724,33406061,0.0,39
90,2020-03-10,Kerala,0.0,0.44902031400828735,33406061,0.0,40
100,2020-03-11,Kerala,0.0,0.5088896892093923,33406061,1.0,41
111,2020-03-12,Kerala,0.0,0.5088896892093923,33406061,2.0,42
124,2020-03-13,Kerala,0.0,0.5687590644104973,33406061,3.0,43
137,2020-03-14,Kerala,0.0,0.5687590644104973,33406061,4.0,44
152,2020-03-15,Kerala,0.0,0.6585631272121547,33406061,5.0,45
166,2020-03-16,Kerala,0.0,0.6884978148127072,33406061,6.0,46
181,2020-03-17,Kerala,0.0,0.7783018776143648,33406061,7.0,47
196,2020-03-18,Kerala,0.0,0.8082365652149172,33406061,8.0,48
214,2020-03-19,Kerala,0.0,0.8082365652149172,33406061,9.0,49
234,2020-03-20,Kerala,0.0,0.8381712528154697,33406061,10.0,50
255,2020-03-21,Kerala,0.0,1.1973875040220994,33406061,11.0,51
278,2020-03-22,Kerala,0.0,1.5566037552287295,33406061,12.0,52
301,2020-03-23,Kerala,0.0,2.0056240692370166,33406061,13.0,53
324,2020-03-24,Kerala,0.0,2.8437953220524865,33406061,14.0,54
348,2020-03-25,Kerala,0.0,3.262880948460221,33406061,5.010000000000001,55
377,2020-03-26,Kerala,0.0,3.5322931368651935,33406061,5.344,56
404,2020-03-27,Kerala,0.0,4.1010522012756905,33406061,5.678,57
431,2020-03-28,Kerala,0.0,5.268505017697238,33406061,6.0120000000000005,58
458,2020-03-29,Kerala,0.029934687600552488,5.448113143300552,33406061,6.346,59
485,2020-03-30,Kerala,0.029934687600552488,6.046806895311603,33406061,6.680000000000001,60
513,2020-03-31,Kerala,0.029934687600552488,7.004716898529282,33406061,7.014,61
543,2020-04-01,Kerala,0.059869375201104975,7.214259711733149,33406061,7.348000000000001,62
572,2020-04-02,Kerala,0.059869375201104975,7.9326922141464085,33406061,7.682,63
59,2020-03-07,Ladakh,0.0,7.299270072992701,274000,1.0,0
65,2020-03-08,Ladakh,0.0,7.299270072992701,274000,2.0,1
73,2020-03-09,Ladakh,0.0,7.299270072992701,274000,3.0,2
86,2020-03-10,Ladakh,0.0,7.299270072992701,274000,4.0,3
104,2020-03-11,Ladakh,0.0,7.299270072992701,274000,5.0,4
115,2020-03-12,Ladakh,0.0,10.94890510948905,274000,6.0,5
128,2020-03-13,Ladakh,0.0,10.94890510948905,274000,7.0,6
141,2020-03-14,Ladakh,0.0,10.94890510948905,274000,8.0,7
159,2020-03-15,Ladakh,0.0,10.94890510948905,274000,9.0,8
174,2020-03-16,Ladakh,0.0,14.598540145985401,274000,10.0,9
189,2020-03-17,Ladakh,0.0,21.8978102189781,274000,11.0,10
205,2020-03-18,Ladakh,0.0,29.197080291970803,274000,12.0,11
224,2020-03-19,Ladakh,0.0,29.197080291970803,274000,13.0,12
244,2020-03-20,Ladakh,0.0,36.496350364963504,274000,14.0,13
266,2020-03-21,Ladakh,0.0,47.44525547445256,274000,15.0,14
289,2020-03-22,Ladakh,0.0,47.44525547445256,274000,16.0,15
312,2020-03-23,Ladakh,0.0,47.44525547445256,274000,17.0,16
336,2020-03-24,Ladakh,0.0,47.44525547445256,274000,18.0,17
361,2020-03-25,Ladakh,0.0,47.44525547445256,274000,6.346,18
378,2020-03-26,Ladakh,0.0,47.44525547445256,274000,6.680000000000001,19
405,2020-03-27,Ladakh,0.0,47.44525547445256,274000,7.014,20
432,2020-03-28,Ladakh,0.0,47.44525547445256,274000,7.348000000000001,21
459,2020-03-29,Ladakh,0.0,47.44525547445256,274000,7.682,22
486,2020-03-30,Ladakh,0.0,47.44525547445256,274000,8.016,23
514,2020-03-31,Ladakh,0.0,47.44525547445256,274000,8.35,24
544,2020-04-01,Ladakh,0.0,47.44525547445256,274000,8.684000000000001,25
573,2020-04-02,Ladakh,0.0,47.44525547445256,274000,9.018,26
256,2020-03-21,Madhya Pradesh,0.0,0.05507608078994631,72626809,0.0,0
279,2020-03-22,Madhya Pradesh,0.0,0.05507608078994631,72626809,0.0,1
302,2020-03-23,Madhya Pradesh,0.0,0.08261412118491947,72626809,0.0,2
325,2020-03-24,Madhya Pradesh,0.0,0.09638314138240606,72626809,0.0,3
349,2020-03-25,Madhya Pradesh,0.0,0.1927662827648121,72626809,0.0,4
379,2020-03-26,Madhya Pradesh,0.013769020197486577,0.27538040394973157,72626809,0.0,5
406,2020-03-27,Madhya Pradesh,0.013769020197486577,0.27538040394973157,72626809,0.0,6
433,2020-03-28,Madhya Pradesh,0.027538040394973155,0.4130706059245973,72626809,0.0,7
460,2020-03-29,Madhya Pradesh,0.027538040394973155,0.4130706059245973,72626809,0.0,8
487,2020-03-30,Madhya Pradesh,0.041307060592459734,0.6471439492818691,72626809,0.334,9
515,2020-03-31,Madhya Pradesh,0.041307060592459734,0.6471439492818691,72626809,0.668,10
545,2020-04-01,Madhya Pradesh,0.041307060592459734,0.9087553330341142,72626809,1.002,11
574,2020-04-02,Madhya Pradesh,0.08261412118491947,1.3631329995511712,72626809,1.336,12
76,2020-03-09,Maharashtra,0.0,0.0177976584741998,112374333,0.0,0
91,2020-03-10,Maharashtra,0.0,0.044494146185499496,112374333,0.0,1
97,2020-03-11,Maharashtra,0.0,0.0177976584741998,112374333,0.0,2
120,2020-03-12,Maharashtra,0.0,0.09788712160809888,112374333,0.0,3
133,2020-03-13,Maharashtra,0.0,0.12458360931939859,112374333,0.0,4
146,2020-03-14,Maharashtra,0.0,0.12458360931939859,112374333,0.0,5
153,2020-03-15,Maharashtra,0.0,0.2847625355871968,112374333,0.0,6
167,2020-03-16,Maharashtra,0.0,0.2847625355871968,112374333,0.0,7
182,2020-03-17,Maharashtra,0.0088988292370999,0.3470543402468961,112374333,0.0,8
197,2020-03-18,Maharashtra,0.0088988292370999,0.37375082795819575,112374333,0.0,9
215,2020-03-19,Maharashtra,0.0088988292370999,0.4182449741436952,112374333,0.0,10
235,2020-03-20,Maharashtra,0.0088988292370999,0.4627391203291948,112374333,0.0,11
257,2020-03-21,Maharashtra,0.0088988292370999,0.5606262419372936,112374333,1.0,12
280,2020-03-22,Maharashtra,0.0177976584741998,0.5962215588856932,112374333,2.0,13
303,2020-03-23,Maharashtra,0.0177976584741998,0.6585133635453926,112374333,3.0,14
326,2020-03-24,Maharashtra,0.0177976584741998,0.791995802101891,112374333,4.0,15
350,2020-03-25,Maharashtra,0.026696487711299694,1.139050142348787,112374333,1.6700000000000002,16
380,2020-03-26,Maharashtra,0.026696487711299694,1.1034548254003875,112374333,2.004,17
407,2020-03-27,Maharashtra,0.0355953169483996,1.1568478008229868,112374333,2.338,18
434,2020-03-28,Maharashtra,0.044494146185499496,1.6017892626779817,112374333,2.672,19
461,2020-03-29,Maharashtra,0.05339297542259939,1.6551822381005812,112374333,3.0060000000000002,20
488,2020-03-30,Maharashtra,0.0711906338967992,1.7619681889457801,112374333,3.3400000000000003,21
516,2020-03-31,Maharashtra,0.0800894631338991,1.9221471152135783,112374333,3.6740000000000004,22
546,2020-04-01,Maharashtra,0.0800894631338991,2.6874464296041696,112374333,4.008,23
575,2020-04-02,Maharashtra,0.1156847800822987,2.9811077944284663,112374333,4.3420000000000005,24
327,2020-03-24,Manipur,0.0,0.38904602025373586,2570390,0.0,0
351,2020-03-25,Manipur,0.0,0.38904602025373586,2570390,0.0,1
381,2020-03-26,Manipur,0.0,0.38904602025373586,2570390,0.0,2
408,2020-03-27,Manipur,0.0,0.38904602025373586,2570390,0.0,3
435,2020-03-28,Manipur,0.0,0.38904602025373586,2570390,0.0,4
462,2020-03-29,Manipur,0.0,0.38904602025373586,2570390,0.0,5
489,2020-03-30,Manipur,0.0,0.38904602025373586,2570390,0.0,6
517,2020-03-31,Manipur,0.0,0.38904602025373586,2570390,0.0,7
547,2020-04-01,Manipur,0.0,0.38904602025373586,2570390,0.0,8
576,2020-04-02,Manipur,0.0,0.38904602025373586,2570390,0.0,9
352,2020-03-25,Mizoram,0.0,0.9114058800261755,1097206,0.334,0
382,2020-03-26,Mizoram,0.0,0.9114058800261755,1097206,0.668,1
409,2020-03-27,Mizoram,0.0,0.9114058800261755,1097206,1.002,2
436,2020-03-28,Mizoram,0.0,0.9114058800261755,1097206,1.336,3
463,2020-03-29,Mizoram,0.0,0.9114058800261755,1097206,1.6700000000000002,4
490,2020-03-30,Mizoram,0.0,0.9114058800261755,1097206,2.004,5
518,2020-03-31,Mizoram,0.0,0.9114058800261755,1097206,2.338,6
548,2020-04-01,Mizoram,0.0,0.9114058800261755,1097206,2.672,7
577,2020-04-02,Mizoram,0.0,0.9114058800261755,1097206,3.0060000000000002,8
168,2020-03-16,Odisha,0.0,0.023824148433212025,41974218,0.0,0
183,2020-03-17,Odisha,0.0,0.023824148433212025,41974218,0.0,1
198,2020-03-18,Odisha,0.0,0.023824148433212025,41974218,0.0,2
216,2020-03-19,Odisha,0.0,0.023824148433212025,41974218,0.0,3
236,2020-03-20,Odisha,0.0,0.04764829686642405,41974218,0.0,4
258,2020-03-21,Odisha,0.0,0.04764829686642405,41974218,0.0,5
281,2020-03-22,Odisha,0.0,0.04764829686642405,41974218,0.0,6
304,2020-03-23,Odisha,0.0,0.04764829686642405,41974218,0.0,7
328,2020-03-24,Odisha,0.0,0.04764829686642405,41974218,0.0,8
353,2020-03-25,Odisha,0.0,0.04764829686642405,41974218,0.0,9
383,2020-03-26,Odisha,0.0,0.04764829686642405,41974218,0.0,10
410,2020-03-27,Odisha,0.0,0.04764829686642405,41974218,0.0,11
437,2020-03-28,Odisha,0.0,0.07147244529963608,41974218,0.0,12
464,2020-03-29,Odisha,0.0,0.07147244529963608,41974218,0.0,13
491,2020-03-30,Odisha,0.0,0.07147244529963608,41974218,0.0,14
519,2020-03-31,Odisha,0.0,0.07147244529963608,41974218,0.0,15
549,2020-04-01,Odisha,0.0,0.0952965937328481,41974218,0.0,16
578,2020-04-02,Odisha,0.0,0.0952965937328481,41974218,0.0,17
199,2020-03-18,Puducherry,0.0,0.8013122289060566,1247953,1.0,0
217,2020-03-19,Puducherry,0.0,0.8013122289060566,1247953,2.0,1
237,2020-03-20,Puducherry,0.0,0.8013122289060566,1247953,3.0,2
259,2020-03-21,Puducherry,0.0,0.8013122289060566,1247953,4.0,3
282,2020-03-22,Puducherry,0.0,0.8013122289060566,1247953,5.0,4
305,2020-03-23,Puducherry,0.0,0.8013122289060566,1247953,6.0,5
329,2020-03-24,Puducherry,0.0,0.8013122289060566,1247953,7.0,6
354,2020-03-25,Puducherry,0.0,0.8013122289060566,1247953,2.672,7
384,2020-03-26,Puducherry,0.0,0.8013122289060566,1247953,3.0060000000000002,8
411,2020-03-27,Puducherry,0.0,0.8013122289060566,1247953,3.3400000000000003,9
438,2020-03-28,Puducherry,0.0,0.8013122289060566,1247953,3.6740000000000004,10
465,2020-03-29,Puducherry,0.0,0.8013122289060566,1247953,4.008,11
492,2020-03-30,Puducherry,0.0,0.8013122289060566,1247953,4.3420000000000005,12
520,2020-03-31,Puducherry,0.0,0.8013122289060566,1247953,4.676,13
550,2020-04-01,Puducherry,0.0,2.4039366867181697,1247953,5.010000000000001,14
579,2020-04-02,Puducherry,0.0,2.4039366867181697,1247953,5.344,15
77,2020-03-09,Punjab,0.0,0.036044689359297714,27743338,0.0,0
92,2020-03-10,Punjab,0.0,0.036044689359297714,27743338,0.0,1
107,2020-03-11,Punjab,0.0,0.036044689359297714,27743338,0.0,2
118,2020-03-12,Punjab,0.0,0.036044689359297714,27743338,0.0,3
131,2020-03-13,Punjab,0.0,0.036044689359297714,27743338,0.0,4
144,2020-03-14,Punjab,0.0,0.036044689359297714,27743338,0.0,5
154,2020-03-15,Punjab,0.0,0.036044689359297714,27743338,0.0,6
169,2020-03-16,Punjab,0.0,0.036044689359297714,27743338,0.0,7
184,2020-03-17,Punjab,0.0,0.036044689359297714,27743338,0.0,8
200,2020-03-18,Punjab,0.0,0.036044689359297714,27743338,0.0,9
218,2020-03-19,Punjab,0.036044689359297714,0.07208937871859543,27743338,0.0,10
238,2020-03-20,Punjab,0.036044689359297714,0.07208937871859543,27743338,0.0,11
260,2020-03-21,Punjab,0.036044689359297714,0.4685809616708703,27743338,0.0,12
283,2020-03-22,Punjab,0.036044689359297714,0.756938476545252,27743338,1.0,13
306,2020-03-23,Punjab,0.036044689359297714,0.756938476545252,27743338,2.0,14
330,2020-03-24,Punjab,0.036044689359297714,1.0452959914196338,27743338,3.0,15
355,2020-03-25,Punjab,0.036044689359297714,1.0452959914196338,27743338,1.336,16
385,2020-03-26,Punjab,0.036044689359297714,1.1894747488568247,27743338,1.6700000000000002,17
412,2020-03-27,Punjab,0.036044689359297714,1.1894747488568247,27743338,2.004,18
439,2020-03-28,Punjab,0.036044689359297714,1.3696981956533132,27743338,2.338,19
466,2020-03-29,Punjab,0.036044689359297714,1.3696981956533132,27743338,2.672,20
493,2020-03-30,Punjab,0.036044689359297714,1.3696981956533132,27743338,3.0060000000000002,21
521,2020-03-31,Punjab,0.10813406807789315,1.4778322637312065,27743338,3.3400000000000003,22
551,2020-04-01,Punjab,0.10813406807789315,1.513876953090504,27743338,3.6740000000000004,23
580,2020-04-02,Punjab,0.14417875743719086,1.658055710527695,27743338,4.008,24
36,2020-03-03,Rajasthan,0.0,0.014588224673890085,68548437,0.0,0
44,2020-03-04,Rajasthan,0.0,0.21882337010835126,68548437,0.0,1
48,2020-03-05,Rajasthan,0.0,0.21882337010835126,68548437,0.0,2
54,2020-03-06,Rajasthan,0.0,0.21882337010835126,68548437,0.0,3
64,2020-03-07,Rajasthan,0.0,0.21882337010835126,68548437,0.0,4
68,2020-03-08,Rajasthan,0.0,0.21882337010835126,68548437,0.0,5
78,2020-03-09,Rajasthan,0.0,0.21882337010835126,68548437,0.0,6
93,2020-03-10,Rajasthan,0.0,0.21882337010835126,68548437,0.0,7
101,2020-03-11,Rajasthan,0.0,0.04376467402167026,68548437,0.0,8
112,2020-03-12,Rajasthan,0.0,0.04376467402167026,68548437,0.0,9
125,2020-03-13,Rajasthan,0.0,0.04376467402167026,68548437,0.0,10
138,2020-03-14,Rajasthan,0.0,0.04376467402167026,68548437,0.0,11
155,2020-03-15,Rajasthan,0.0,0.05835289869556034,68548437,0.0,12
170,2020-03-16,Rajasthan,0.0,0.05835289869556034,68548437,0.0,13
185,2020-03-17,Rajasthan,0.0,0.05835289869556034,68548437,0.0,14
201,2020-03-18,Rajasthan,0.0,0.05835289869556034,68548437,0.0,15
219,2020-03-19,Rajasthan,0.0,0.10211757271723058,68548437,0.0,16
239,2020-03-20,Rajasthan,0.0,0.24799981945613145,68548437,0.0,17
261,2020-03-21,Rajasthan,0.0,0.24799981945613145,68548437,0.0,18
284,2020-03-22,Rajasthan,0.0,0.3501173921733621,68548437,0.0,19
307,2020-03-23,Rajasthan,0.0,0.40847029086892234,68548437,0.0,20
331,2020-03-24,Rajasthan,0.0,0.4668231895644827,68548437,0.0,21
356,2020-03-25,Rajasthan,0.0,0.525176088260043,68548437,0.334,22
386,2020-03-26,Rajasthan,0.0,0.5981172116294935,68548437,0.668,23
413,2020-03-27,Rajasthan,0.0,0.5981172116294935,68548437,1.002,24
440,2020-03-28,Rajasthan,0.0,0.7877641323900645,68548437,1.336,25
467,2020-03-29,Rajasthan,0.0,0.8023523570639546,68548437,1.6700000000000002,26
494,2020-03-30,Rajasthan,0.0,0.860705255759515,68548437,2.004,27
522,2020-03-31,Rajasthan,0.0,1.0795286258678662,68548437,2.338,28
552,2020-04-01,Rajasthan,0.0,1.356704894671778,68548437,2.672,29
581,2020-04-02,Rajasthan,0.0,1.575528264780129,68548437,3.0060000000000002,30
61,2020-03-07,Tamil Nadu,0.0,0.013860584420453622,72147030,0.0,0
67,2020-03-08,Tamil Nadu,0.0,0.013860584420453622,72147030,0.0,1
79,2020-03-09,Tamil Nadu,0.0,0.013860584420453622,72147030,0.0,2
94,2020-03-10,Tamil Nadu,0.0,0.013860584420453622,72147030,0.0,3
105,2020-03-11,Tamil Nadu,0.0,0.013860584420453622,72147030,0.0,4
116,2020-03-12,Tamil Nadu,0.0,0.013860584420453622,72147030,0.0,5
129,2020-03-13,Tamil Nadu,0.0,0.013860584420453622,72147030,0.0,6
142,2020-03-14,Tamil Nadu,0.0,0.013860584420453622,72147030,0.0,7
156,2020-03-15,Tamil Nadu,0.0,0.013860584420453622,72147030,0.0,8
171,2020-03-16,Tamil Nadu,0.0,0.013860584420453622,72147030,0.0,9
186,2020-03-17,Tamil Nadu,0.0,0.013860584420453622,72147030,0.0,10
202,2020-03-18,Tamil Nadu,0.0,0.013860584420453622,72147030,0.0,11
220,2020-03-19,Tamil Nadu,0.0,0.027721168840907244,72147030,0.0,12
240,2020-03-20,Tamil Nadu,0.0,0.04158175326136086,72147030,0.0,13
262,2020-03-21,Tamil Nadu,0.0,0.04158175326136086,72147030,0.0,14
285,2020-03-22,Tamil Nadu,0.0,0.09702409094317535,72147030,0.0,15
308,2020-03-23,Tamil Nadu,0.0,0.12474525978408257,72147030,0.0,16
332,2020-03-24,Tamil Nadu,0.0,0.20790876630680433,72147030,0.0,17
357,2020-03-25,Tamil Nadu,0.0,0.24949051956816515,72147030,0.0,18
387,2020-03-26,Tamil Nadu,0.013860584420453622,0.36037519493179415,72147030,0.0,19
414,2020-03-27,Tamil Nadu,0.013860584420453622,0.401956948193155,72147030,0.0,20
441,2020-03-28,Tamil Nadu,0.013860584420453622,0.5544233768181448,72147030,0.334,21
468,2020-03-29,Tamil Nadu,0.013860584420453622,0.6791686366022275,72147030,0.668,22
495,2020-03-30,Tamil Nadu,0.013860584420453622,0.9286591561703926,72147030,1.002,23
523,2020-03-31,Tamil Nadu,0.013860584420453622,1.025683247113568,72147030,1.336,24
553,2020-04-01,Tamil Nadu,0.013860584420453622,3.2433767543861474,72147030,1.6700000000000002,25
582,2020-04-02,Tamil Nadu,0.013860584420453622,3.2433767543861474,72147030,2.004,26
32,2020-03-02,Telengana,0.0,0.028568429702550652,35003674,0.0,0
35,2020-03-03,Telengana,0.0,0.028568429702550652,35003674,0.0,1
43,2020-03-04,Telengana,0.0,0.028568429702550652,35003674,0.0,2
49,2020-03-05,Telengana,0.0,0.028568429702550652,35003674,0.0,3
56,2020-03-06,Telengana,0.0,0.028568429702550652,35003674,0.0,4
60,2020-03-07,Telengana,0.0,0.028568429702550652,35003674,0.0,5
66,2020-03-08,Telengana,0.0,0.028568429702550652,35003674,0.0,6
80,2020-03-09,Telengana,0.0,0.028568429702550652,35003674,0.0,7
95,2020-03-10,Telengana,0.0,0.028568429702550652,35003674,0.0,8
102,2020-03-11,Telengana,0.0,0.028568429702550652,35003674,0.0,9
113,2020-03-12,Telengana,0.0,0.028568429702550652,35003674,0.0,10
126,2020-03-13,Telengana,0.0,0.028568429702550652,35003674,0.0,11
139,2020-03-14,Telengana,0.0,0.028568429702550652,35003674,0.0,12
157,2020-03-15,Telengana,0.0,0.08570528910765196,35003674,0.0,13
172,2020-03-16,Telengana,0.0,0.08570528910765196,35003674,0.0,14
187,2020-03-17,Telengana,0.0,0.14284214851275326,35003674,0.0,15
203,2020-03-18,Telengana,0.0,0.17141057821530392,35003674,0.0,16
221,2020-03-19,Telengana,0.0,0.17141057821530392,35003674,0.0,17
241,2020-03-20,Telengana,0.0,0.4856633049433611,35003674,0.0,18
263,2020-03-21,Telengana,0.0,0.5999370237535637,35003674,1.0,19
286,2020-03-22,Telengana,0.0,0.6285054534561143,35003674,2.0,20
309,2020-03-23,Telengana,0.0,0.9141897504816209,35003674,3.0,21
333,2020-03-24,Telengana,0.0,0.9998950395892728,35003674,4.0,22
358,2020-03-25,Telengana,0.0,0.9998950395892728,35003674,1.6700000000000002,23
388,2020-03-26,Telengana,0.0,1.2570109069122286,35003674,2.004,24
415,2020-03-27,Telengana,0.0,1.2855793366147792,35003674,2.338,25
442,2020-03-28,Telengana,0.0,1.5998320633428365,35003674,2.672,26
469,2020-03-29,Telengana,0.028568429702550652,1.8855163603683431,35003674,3.0060000000000002,27
496,2020-03-30,Telengana,0.028568429702550652,2.0283585088810963,35003674,3.3400000000000003,28
524,2020-03-31,Telengana,0.028568429702550652,2.256905946501502,35003674,3.6740000000000004,29
554,2020-04-01,Telengana,0.08570528910765196,2.7425692514448627,35003674,4.008,30
583,2020-04-02,Telengana,0.08570528910765196,3.05682197817292,35003674,4.3420000000000005,31
39,2020-03-04,Uttar Pradesh,0.0,0.03002817528673066,199812341,0.0,0
50,2020-03-05,Uttar Pradesh,0.0,0.03503287116785244,199812341,0.0,1
55,2020-03-06,Uttar Pradesh,0.0,0.03503287116785244,199812341,0.0,2
58,2020-03-07,Uttar Pradesh,0.0,0.03503287116785244,199812341,0.0,3
72,2020-03-08,Uttar Pradesh,0.0,0.03503287116785244,199812341,0.0,4
82,2020-03-09,Uttar Pradesh,0.0,0.03503287116785244,199812341,0.0,5
85,2020-03-10,Uttar Pradesh,0.0,0.03503287116785244,199812341,0.0,6
103,2020-03-11,Uttar Pradesh,0.0,0.04504226293009599,199812341,0.0,7
114,2020-03-12,Uttar Pradesh,0.0,0.05505165469233955,199812341,0.0,8
127,2020-03-13,Uttar Pradesh,0.0,0.05505165469233955,199812341,0.0,9
140,2020-03-14,Uttar Pradesh,0.0,0.06005635057346132,199812341,0.0,10
160,2020-03-15,Uttar Pradesh,0.0,0.0650610464545831,199812341,0.0,11
175,2020-03-16,Uttar Pradesh,0.0,0.0650610464545831,199812341,0.0,12
190,2020-03-17,Uttar Pradesh,0.0,0.07507043821682666,199812341,0.0,13
206,2020-03-18,Uttar Pradesh,0.0,0.08007513409794843,199812341,0.0,14
225,2020-03-19,Uttar Pradesh,0.0,0.09508922174131376,199812341,0.0,15
245,2020-03-20,Uttar Pradesh,0.0,0.11510800526580088,199812341,0.0,16
267,2020-03-21,Uttar Pradesh,0.0,0.12011270114692264,199812341,0.0,17
290,2020-03-22,Uttar Pradesh,0.0,0.13512678879028797,199812341,0.0,18
313,2020-03-23,Uttar Pradesh,0.0,0.15514557231477508,199812341,0.0,19
337,2020-03-24,Uttar Pradesh,0.0,0.16515496407701863,199812341,0.0,20
362,2020-03-25,Uttar Pradesh,0.0,0.18517374760150576,199812341,0.0,21
390,2020-03-26,Uttar Pradesh,0.0,0.20519253112599287,199812341,0.0,22
417,2020-03-27,Uttar Pradesh,0.0,0.20519253112599287,199812341,0.0,23
444,2020-03-28,Uttar Pradesh,0.0,0.27525827346169773,199812341,0.0,24
471,2020-03-29,Uttar Pradesh,0.0,0.3253052322729155,199812341,0.0,25
498,2020-03-30,Uttar Pradesh,0.0,0.41038506225198573,199812341,0.0,26
526,2020-03-31,Uttar Pradesh,0.0,0.5054742839932995,199812341,0.334,27
556,2020-04-01,Uttar Pradesh,0.010009391762243554,0.5154836757555431,199812341,0.668,28
585,2020-04-02,Uttar Pradesh,0.010009391762243554,0.5655306345667609,199812341,1.002,29
161,2020-03-15,Uttarakhand,0.0,0.09914446260330358,10086292,0.0,0
176,2020-03-16,Uttarakhand,0.0,0.09914446260330358,10086292,0.0,1
191,2020-03-17,Uttarakhand,0.0,0.09914446260330358,10086292,0.0,2
207,2020-03-18,Uttarakhand,0.0,0.09914446260330358,10086292,0.0,3
226,2020-03-19,Uttarakhand,0.0,0.09914446260330358,10086292,0.0,4
246,2020-03-20,Uttarakhand,0.0,0.2974333878099107,10086292,0.0,5
268,2020-03-21,Uttarakhand,0.0,0.2974333878099107,10086292,0.0,6
291,2020-03-22,Uttarakhand,0.0,0.2974333878099107,10086292,0.0,7
314,2020-03-23,Uttarakhand,0.0,0.2974333878099107,10086292,0.0,8
338,2020-03-24,Uttarakhand,0.0,0.3965778504132143,10086292,0.0,9
363,2020-03-25,Uttarakhand,0.0,0.3965778504132143,10086292,0.0,10
389,2020-03-26,Uttarakhand,0.0,0.4957223130165179,10086292,0.0,11
416,2020-03-27,Uttarakhand,0.0,0.4957223130165179,10086292,0.0,12
443,2020-03-28,Uttarakhand,0.0,0.4957223130165179,10086292,0.0,13
470,2020-03-29,Uttarakhand,0.0,0.694011238223125,10086292,0.334,14
497,2020-03-30,Uttarakhand,0.0,0.694011238223125,10086292,0.668,15
525,2020-03-31,Uttarakhand,0.0,0.694011238223125,10086292,1.002,16
555,2020-04-01,Uttarakhand,0.0,0.694011238223125,10086292,1.336,17
584,2020-04-02,Uttarakhand,0.0,0.694011238223125,10086292,1.6700000000000002,18
208,2020-03-18,West Bengal,0.0,0.01095576865864635,91276115,0.0,0
227,2020-03-19,West Bengal,0.0,0.01095576865864635,91276115,0.0,1
247,2020-03-20,West Bengal,0.0,0.0219115373172927,91276115,0.0,2
269,2020-03-21,West Bengal,0.0,0.032867305975939044,91276115,0.0,3
292,2020-03-22,West Bengal,0.0,0.0438230746345854,91276115,0.0,4
315,2020-03-23,West Bengal,0.0,0.07669038061052445,91276115,0.0,5
339,2020-03-24,West Bengal,0.01095576865864635,0.09860191792781715,91276115,0.0,6
364,2020-03-25,West Bengal,0.01095576865864635,0.09860191792781715,91276115,0.0,7
391,2020-03-26,West Bengal,0.01095576865864635,0.1095576865864635,91276115,0.0,8
418,2020-03-27,West Bengal,0.01095576865864635,0.1095576865864635,91276115,0.0,9
445,2020-03-28,West Bengal,0.01095576865864635,0.16433652987969527,91276115,0.0,10
472,2020-03-29,West Bengal,0.01095576865864635,0.1972038358556343,91276115,0.0,11
499,2020-03-30,West Bengal,0.01095576865864635,0.24102691049021968,91276115,0.0,12
527,2020-03-31,West Bengal,0.0219115373172927,0.28484998512480514,91276115,0.0,13
557,2020-04-01,West Bengal,0.032867305975939044,0.40536344036991495,91276115,0.0,14
586,2020-04-02,West Bengal,0.032867305975939044,0.5806557389082565,91276115,0.334,15
